序号,代码,名称,市场代码简称,最新价(元) 14:10,涨跌幅(%) 14:10,东财行业分类二级,成交量环比增长率 2026.06.25,证券类型,成交量(股) 2026.06.24,成交量(股) 14:10,东财行业总分类,申万行业分类,概念,涨跌额(元) 14:10,最高价(元) 14:10,最低价(元) 14:10,换手率(%) 14:10,量比 14:10,成交额(元) 14:10,市盈率(动)(倍) 2026.06.25,市净率(倍) 2026.06.25,总市值(元) 2026.06.25,流通市值(元) 2026.06.25,CHOICE_INNER_CODE,IN_OPTIONAL,CHG<70>{2026-06-25}
1,601066,中信建投,SH,29.43,6.13,证券Ⅱ,49.98,A股,9535.00万,1.43亿,非银金融-证券Ⅱ-证券Ⅲ,非银金融-证券Ⅱ-证券Ⅲ,周期股、融资融券、上证180_、证金持股、沪股通、券商概念、标准普尔、大盘股、趋势股、HS300_、腾讯概念、互联网金融、科创板做市商、富时罗素、金融地产风格、MSCI中国、破增发价股,1.700,30.50,27.36,2.20,2.17,41.88亿,15.56,2.6459,2282.80亿,1911.68亿,1001030413,False,6.13
2,600906,财达证券,SH,7.95,6.00,证券Ⅱ,26.16,A股,1.43亿,1.81亿,非银金融-证券Ⅱ-证券Ⅲ,非银金融-证券Ⅱ-证券Ⅲ,雄安新区、融资融券、昨日高振幅、参股期货、中证500、沪股通、券商概念、小盘股、趋势股、互联网金融、京津冀一体化、央国企改革、百度概念、金融地产风格、小盘成长,0.450,8.12,7.40,8.52,1.41,14.16亿,25.45,2.0621,257.98亿,168.88亿,1002096999,False,6.00
3,601878,浙商证券,SH,9.86,4.67,证券Ⅱ,69.84,A股,4967.83万,8437.24万,非银金融-证券Ⅱ-证券Ⅲ,非银金融-证券Ⅱ-证券Ⅲ,中盘股、融资融券、共同富裕示范区、参股期货、上证380、沪股通、券商概念、标准普尔、HS300_、互联网金融、央国企改革、科创板做市商、富时罗素、金融地产风格、MSCI中国,0.440,9.96,9.36,1.84,2.12,8.21亿,15.01,1.1963,450.98亿,450.98亿,1000324638,False,4.67
4,601901,方正证券,SH,7.46,4.63,证券Ⅱ,61.98,A股,1.80亿,2.92亿,非银金融-证券Ⅱ-证券Ⅲ,非银金融-证券Ⅱ-证券Ⅲ,周期股、融资融券、昨日高振幅、参股期货、上证180_、证金持股、沪股通、券商概念、标准普尔、大盘股、HS300_、互联网金融、富时罗素、金融地产风格、2025年报预增、MSCI中国、参股银行,0.330,7.78,7.06,3.55,3.09,21.84亿,10.33,1.1716,614.11亿,614.11亿,1000000058,False,4.49
5,300059,东方财富,SZ,21.08,4.46,证券Ⅱ,15.16,A股,7.09亿,8.16亿,非银金融-证券Ⅱ-证券Ⅲ,非银金融-证券Ⅱ-证券Ⅲ,区块链、周期股、鸿蒙概念、深证100R、参股期货、证金持股、互联网保险、深成500、东方财富热股、HS300_、互联网金融、AI应用、DeepSeek概念、人工智能、富时罗素、金融地产风格、网红经济、MSCI中国、数据要素、权重股、融资融券、深股通、虚拟机器人、AIGC概念、券商概念、大盘股、互联网服务、国产软件、茅指数、创业板综、长江三角、大数据,0.900,21.57,20.04,6.11,1.46,170.62亿,22.31,3.5378,3335.32亿,2814.87亿,1000008935,False,4.46
6,600918,中泰证券,SH,5.50,3.58,证券Ⅱ,27.72,A股,5888.71万,7521.34万,非银金融-证券Ⅱ-证券Ⅲ,非银金融-证券Ⅱ-证券Ⅲ,中盘股、融资融券、参股期货、中盘成长、上证380、沪股通、券商概念、HS300_、互联网金融、央国企改革、富时罗素、金融地产风格、2025年报预增、MSCI中国、破增发价股,0.190,5.64,5.23,1.65,1.69,4.09亿,23.22,0.9745,435.51亿,250.96亿,1000673356,False,3.58
7,601995,中金公司,SH,36.17,3.37,证券Ⅱ,57.37,A股,3335.44万,5249.02万,非银金融-证券Ⅱ-证券Ⅲ,非银金融-证券Ⅱ-证券Ⅲ,周期股、融资融券、参股期货、上证180_、证金持股、沪股通、券商概念、大盘股、HS300_、互联网金融、2026一季报预增、央国企改革、富时罗素、金融地产风格、中字头、2025年报预增、MSCI中国,1.180,36.88,34.59,1.80,1.96,18.89亿,12.20,1.7006,1746.02亿,1057.45亿,1002243655,False,3.37
8,600030,中信证券,SH,28.80,3.26,证券Ⅱ,16.61,A股,2.76亿,3.22亿,非银金融-证券Ⅱ-证券Ⅲ,非银金融-证券Ⅱ-证券Ⅲ,权重股、周期股、融资融券、行业龙头、参股期货、上证180_、证金持股、沪股通、券商概念、标准普尔、深圳特区、大盘股、华为概念、HS300_、上证50_、互联网金融、科创板做市商、富时罗素、金融地产风格、MSCI中国、参股银行,0.910,29.06,27.71,2.65,1.29,91.97亿,10.45,1.4959,4269.80亿,3508.06亿,1000002450,False,3.26
9,601099,太平洋,SH,3.50,3.24,证券Ⅱ,4.03,A股,2.27亿,2.36亿,非银金融-证券Ⅱ-证券Ⅲ,非银金融-证券Ⅱ-证券Ⅲ,中盘股、融资融券、西部大开发、中盘成长、上证380、中证500、沪股通、券商概念、标准普尔、互联网金融、富时罗素、金融地产风格、MSCI中国,0.110,3.52,3.36,3.47,1.38,8.16亿,244.62,2.4015,238.57亿,238.57亿,1000005504,False,3.24
10,601211,国泰海通,SH,18.10,3.08,证券Ⅱ,33.16,A股,1.50亿,1.99亿,非银金融-证券Ⅱ-证券Ⅲ,非银金融-证券Ⅱ-证券Ⅲ,权重股、周期股、融资融券、参股期货、上证180_、证金持股、沪股通、券商概念、标准普尔、大盘股、HS300_、上证50_、互联网金融、央国企改革、科创板做市商、股权激励、富时罗素、金融地产风格、2025年报预增、MSCI中国、长江三角,0.540,18.28,17.23,1.48,1.47,35.61亿,12.49,0.9923,3190.84亿,2442.94亿,1000304595,False,3.08
11,601198,东兴证券,SH,13.63,2.95,证券Ⅱ,43.00,A股,2577.25万,3685.41万,非银金融-证券Ⅱ-证券Ⅲ,非银金融-证券Ⅱ-证券Ⅲ,中盘股、融资融券、参股期货、化债概念、中盘成长、上证380、中证500、沪股通、券商概念、标准普尔、互联网金融、央国企改革、富时罗素、金融地产风格、MSCI中国,0.390,13.80,13.05,1.14,1.72,4.98亿,31.19,1.4308,440.58亿,440.58亿,1000304608,False,2.95
12,601881,中国银河,SH,12.99,2.93,证券Ⅱ,29.97,A股,7554.06万,9817.98万,非银金融-证券Ⅱ-证券Ⅲ,非银金融-证券Ⅱ-证券Ⅲ,周期股、融资融券、上证180_、证金持股、沪股通、券商概念、标准普尔、大盘股、HS300_、央国企改革、中特估、科创板做市商、中字头、富时罗素、金融地产风格、MSCI中国,0.370,13.19,12.49,1.36,1.56,12.68亿,10.70,1.1718,1420.38亿,940.92亿,1000350709,False,2.93
13,600109,国金证券,SH,9.03,2.85,证券Ⅱ,28.94,A股,4696.62万,6055.80万,非银金融-证券Ⅱ-证券Ⅲ,非银金融-证券Ⅱ-证券Ⅲ,中盘股、融资融券、西部大开发、参股期货、上证380、中证500、沪股通、券商概念、标准普尔、成渝特区、腾讯概念、互联网金融、科创板做市商、蚂蚁概念、富时罗素、金融地产风格、MSCI中国,0.250,9.15,8.69,1.63,1.41,5.43亿,12.08,0.9265,334.59亿,334.59亿,1000002333,False,2.85
14,601375,中原证券,SH,4.16,2.72,证券Ⅱ,4.62,A股,6853.61万,7170.28万,非银金融-证券Ⅱ-证券Ⅲ,非银金融-证券Ⅱ-证券Ⅲ,小盘股、互联网金融、融资融券、参股期货、央国企改革、化债概念、富时罗素、2025年报预增、小盘成长、沪股通、券商概念、标准普尔,0.110,4.22,4.01,2.08,1.12,2.95亿,28.70,1.3305,193.61亿,143.76亿,1000396220,False,2.72
15,601990,南京证券,SH,6.86,2.69,证券Ⅱ,21.60,A股,2964.38万,3604.82万,非银金融-证券Ⅱ-证券Ⅲ,非银金融-证券Ⅱ-证券Ⅲ,中盘股、融资融券、参股期货、上证380、中证500、沪股通、券商概念、标准普尔、创投、互联网金融、央国企改革、富时罗素、金融地产风格、MSCI中国、破增发价股,0.180,6.91,6.59,0.98,1.46,2.44亿,25.76,1.2782,301.81亿,252.88亿,1000944160,False,2.69
16,601108,财通证券,SH,8.63,2.62,证券Ⅱ,15.66,A股,1.06亿,1.22亿,非银金融-证券Ⅱ-证券Ⅲ,非银金融-证券Ⅱ-证券Ⅲ,中盘股、区块链、融资融券、共同富裕示范区、参股期货、转债标的、破发股、上证380、中证500、参股新三板、沪股通、券商概念、标准普尔、互联网金融、央国企改革、DeepSeek概念、科创板做市商、蚂蚁概念、富时罗素、金融地产风格、MSCI中国、阿里概念,0.220,8.71,8.24,2.63,1.51,10.41亿,16.24,1.0509,400.76亿,400.76亿,1000576781,False,2.62
17,601059,信达证券,SH,16.23,2.59,证券Ⅱ,25.59,A股,1308.97万,1643.98万,非银金融-证券Ⅱ-证券Ⅲ,非银金融-证券Ⅱ-证券Ⅲ,HS300_、中盘股、融资融券、京津冀一体化、参股期货、央国企改革、上证180_、化债概念、中盘成长、金融地产风格、沪股通、券商概念,0.410,16.39,15.65,0.51,1.56,2.65亿,29.11,2.3721,526.66亿,526.66亿,1002507820,False,2.59
18,002926,华西证券,SZ,8.51,2.41,证券Ⅱ,23.52,A股,2657.69万,3282.69万,非银金融-证券Ⅱ-证券Ⅲ,非银金融-证券Ⅱ-证券Ⅲ,融资融券、西部大开发、参股期货、深股通、破发股、中证500、券商概念、标准普尔、深成500、小盘股、互联网金融、央国企改革、富时罗素、金融地产风格、2025年报预增,0.200,8.66,8.20,1.25,1.56,2.78亿,14.19,0.8854,223.39亿,223.39亿,1000498863,False,2.41
19,601788,光大证券,SH,15.03,2.38,证券Ⅱ,19.79,A股,4893.57万,5861.85万,非银金融-证券Ⅱ-证券Ⅲ,非银金融-证券Ⅱ-证券Ⅲ,周期股、融资融券、参股期货、上证180_、证金持股、破发股、沪股通、券商概念、标准普尔、大盘股、HS300_、互联网金融、央国企改革、富时罗素、金融地产风格、MSCI中国、长江三角,0.350,15.23,14.53,1.50,1.41,8.76亿,14.86,1.1143,693.00亿,587.18亿,1000000061,False,2.38
20,601688,华泰证券,SH,21.35,2.35,证券Ⅱ,10.48,A股,1.41亿,1.56亿,非银金融-证券Ⅱ-证券Ⅲ,非银金融-证券Ⅱ-证券Ⅲ,周期股、融资融券、参股期货、上证180_、证金持股、沪股通、券商概念、标准普尔、大盘股、趋势股、HS300_、上证50_、互联网金融、GDR、央国企改革、大盘价值、科创板做市商、富时罗素、金融地产风格、MSCI中国、阿里概念、参股银行,0.490,21.55,20.50,2.14,1.11,33.07亿,10.03,1.0816,1926.33亿,1559.26亿,1000000059,False,2.35
21,002736,国信证券,SZ,10.43,2.25,证券Ⅱ,23.75,A股,4659.97万,5766.87万,非银金融-证券Ⅱ-证券Ⅲ,非银金融-证券Ⅱ-证券Ⅲ,周期股、融资融券、深证100R、深股通、证金持股、券商概念、标准普尔、深圳特区、深成500、大盘股、HS300_、深圳国企改革、互联网金融、央国企改革、大盘价值、科创板做市商、富时罗素、金融地产风格、MSCI中国,0.230,10.59,10.04,0.60,1.55,5.99亿,12.69,1.1046,1068.21亿,1002.58亿,1000324633,False,2.25
22,600369,西南证券,SH,4.17,2.21,证券Ⅱ,3.58,A股,6879.93万,7126.39万,非银金融-证券Ⅱ-证券Ⅲ,非银金融-证券Ⅱ-证券Ⅲ,中盘股、融资融券、西部大开发、参股期货、中盘成长、上证380、中证500、沪股通、券商概念、标准普尔、成渝特区、央国企改革、富时罗素、金融地产风格、2025年报预增、MSCI中国,0.090,4.22,4.02,1.07,1.37,2.95亿,22.32,1.0417,277.10亿,277.10亿,1000000892,False,2.21
23,601377,兴业证券,SH,6.23,2.13,证券Ⅱ,3.77,A股,1.66亿,1.73亿,非银金融-证券Ⅱ-证券Ⅲ,非银金融-证券Ⅱ-证券Ⅲ,福建自贸区、中盘股、周期股、融资融券、上证180_、证金持股、参股新三板、沪股通、券商概念、标准普尔、碳交易、IPO受益、HS300_、互联网金融、央国企改革、海峡两岸、科创板做市商、富时罗素、金融地产风格、MSCI中国,0.130,6.31,6.04,2.00,1.12,10.71亿,17.09,0.9484,537.16亿,537.16亿,1000000057,False,2.13
24,002500,山西证券,SZ,5.38,2.09,证券Ⅱ,9.93,A股,4047.48万,4449.53万,非银金融-证券Ⅱ-证券Ⅲ,非银金融-证券Ⅱ-证券Ⅲ,融资融券、深股通、证金持股、破发股、中证500、券商概念、标准普尔、深成500、小盘股、创投、互联网金融、央国企改革、富时罗素、破增发价股,0.110,5.44,5.19,1.24,1.28,2.37亿,18.93,1.0460,193.13亿,193.13亿,1000000062,False,2.09
25,601555,东吴证券,SH,8.11,2.01,证券Ⅱ,4.33,A股,5445.40万,5681.29万,非银金融-证券Ⅱ-证券Ⅲ,非银金融-证券Ⅱ-证券Ⅲ,中盘股、融资融券、参股期货、上证380、中证500、参股保险、沪股通、券商概念、标准普尔、创投、2025三季报预增、互联网金融、央国企改革、科创板做市商、富时罗素、金融地产风格、2025年报预增、MSCI中国,0.160,8.20,7.82,1.14,1.18,4.57亿,12.57,0.9211,402.96亿,402.96亿,1000002395,False,2.01
26,000166,申万宏源,SZ,4.59,2.00,证券Ⅱ,5.59,A股,1.64亿,1.73亿,非银金融-证券Ⅱ-证券Ⅲ,非银金融-证券Ⅱ-证券Ⅲ,周期股、融资融券、深证100R、西部大开发、参股期货、新疆振兴、深股通、证金持股、券商概念、标准普尔、深成500、大盘股、HS300_、互联网金融、央国企改革、科创板做市商、富时罗素、金融地产风格、2025年报预增、MSCI中国,0.090,4.65,4.44,0.77,1.43,7.90亿,12.20,1.0026,1149.33亿,1034.38亿,1000420071,False,2.00
27,601696,中银证券,SH,13.13,1.78,证券Ⅱ,32.60,A股,8936.26万,1.18亿,非银金融-证券Ⅱ-证券Ⅲ,非银金融-证券Ⅱ-证券Ⅲ,中盘股、互联网金融、融资融券、参股期货、中盘成长、上证380、中证500、富时罗素、金融地产风格、沪股通、MSCI中国、券商概念,0.230,13.39,12.69,4.27,1.16,15.53亿,25.22,1.8846,364.75亿,364.75亿,1001710173,False,1.78
28,002939,长城证券,SZ,8.67,1.76,证券Ⅱ,21.18,A股,3808.00万,4614.69万,非银金融-证券Ⅱ-证券Ⅲ,非银金融-证券Ⅱ-证券Ⅲ,中盘股、融资融券、参股期货、深股通、中证500、券商概念、标准普尔、深圳特区、深成500、互联网金融、央国企改革、富时罗素、金融地产风格、2025年报预增、MSCI中国,0.150,8.81,8.37,1.28,1.46,3.98亿,14.09,1.0722,349.78亿,312.35亿,1001030426,False,1.76
29,000686,东北证券,SZ,8.71,1.75,证券Ⅱ,1.43,A股,5881.11万,5965.12万,非银金融-证券Ⅱ-证券Ⅲ,非银金融-证券Ⅱ-证券Ⅲ,融资融券、东北振兴、参股期货、深股通、证金持股、参股新三板、券商概念、标准普尔、深成500、小盘股、互联网金融、富时罗素、2025年报预增,0.150,8.84,8.43,2.55,1.47,5.18亿,12.42,1.0037,203.85亿,203.85亿,1000002426,False,1.75
30,002670,国盛证券,SZ,12.01,1.69,证券Ⅱ,0.25,A股,3379.94万,3388.56万,非银金融-证券Ⅱ-证券Ⅲ,非银金融-证券Ⅱ-证券Ⅲ,中盘股、区块链、融资融券、参股期货、深股通、中盘成长、中证500、券商概念、标准普尔、深成500、参股券商、互联网金融、央国企改革、微利股、富时罗素、金融地产风格、2025年报预增,0.200,12.22,11.59,2.09,1.13,4.04亿,3956.05,2.0501,232.40亿,194.96亿,1000008924,False,1.69
31,002673,西部证券,SZ,6.75,1.66,证券Ⅱ,13.48,A股,4425.70万,5022.43万,非银金融-证券Ⅱ-证券Ⅲ,非银金融-证券Ⅱ-证券Ⅲ,中盘股、融资融券、西部大开发、参股期货、深股通、中证500、券商概念、标准普尔、深成500、互联网金融、陕西国企改革、央国企改革、富时罗素、金融地产风格、MSCI中国、破增发价股,0.110,6.83,6.55,1.12,1.40,3.37亿,26.51,1.0015,301.70亿,301.70亿,1000001680,False,1.66
32,600095,湘财股份,SH,8.08,1.64,证券Ⅱ,14.06,A股,3575.25万,4078.11万,非银金融-证券Ⅱ-证券Ⅲ,非银金融-证券Ⅱ-证券Ⅲ,中盘股、融资融券、东北振兴、上证380、中证500、沪股通、券商概念、参股券商、黑龙江自贸区、创投、互联网金融、金融地产风格、2025年报预增、参股银行,0.130,8.24,7.84,1.43,1.46,3.29亿,239.65,1.8779,231.02亿,231.02亿,1000008645,False,1.64
33,601136,首创证券,SH,14.50,1.61,证券Ⅱ,7.35,A股,1665.86万,1788.27万,非银金融-证券Ⅱ-证券Ⅲ,非银金融-证券Ⅱ-证券Ⅲ,HS300_、中盘股、互联网金融、融资融券、京津冀一体化、参股期货、央国企改革、中盘成长、上证380、金融地产风格、沪股通、券商概念,0.230,14.72,14.09,0.65,1.34,2.58亿,50.38,2.8017,396.33亿,396.33亿,1002793744,False,1.61
34,601236,红塔证券,SH,7.02,1.59,证券Ⅱ,6.82,A股,2960.57万,3162.60万,非银金融-证券Ⅱ-证券Ⅲ,非银金融-证券Ⅱ-证券Ⅲ,中盘股、融资融券、西部大开发、参股期货、中盘成长、上证380、中证500、沪股通、券商概念、央国企改革、富时罗素、金融地产风格、2025年报预增,0.110,7.12,6.80,0.67,1.39,2.21亿,42.24,1.3340,331.12亿,331.12亿,1001042723,False,1.59
35,002945,华林证券,SZ,14.38,1.55,证券Ⅱ,4.96,A股,1369.41万,1437.32万,非银金融-证券Ⅱ-证券Ⅲ,非银金融-证券Ⅱ-证券Ⅲ,创投、中盘股、互联网金融、融资融券、西部大开发、深股通、中盘成长、中证500、金融地产风格、券商概念、深成500,0.220,14.62,13.88,0.53,1.27,2.05亿,103.52,5.2807,388.26亿,388.26亿,1000803512,False,1.55
36,002797,第一创业,SZ,6.77,1.50,证券Ⅱ,18.98,A股,9693.69万,1.15亿,非银金融-证券Ⅱ-证券Ⅲ,非银金融-证券Ⅱ-证券Ⅲ,中盘股、区块链、融资融券、参股期货、深股通、中盘成长、中证500、券商概念、标准普尔、深圳特区、深成500、互联网金融、富时罗素、金融地产风格、MSCI中国,0.100,6.87,6.58,2.74,1.33,7.79亿,36.06,1.6095,284.50亿,284.50亿,1000314055,False,1.50
37,600864,哈投股份,SH,5.46,1.30,证券Ⅱ,9.34,A股,3890.44万,4253.65万,非银金融-证券Ⅱ-证券Ⅲ,非银金融-证券Ⅱ-证券Ⅲ,融资融券、东北振兴、参股期货、化债概念、沪股通、券商概念、参股券商、碳交易、黑龙江自贸区、小盘股、创投、互联网金融、央国企改革、小盘成长、碳中和、参股银行、REITs概念、破增发价股,0.070,5.54,5.30,2.04,1.30,2.31亿,35.74,0.8806,113.60亿,113.60亿,1000004036,False,1.30
38,600958,东方证券,SH,9.72,1.25,证券Ⅱ,37.79,A股,7429.78万,1.02亿,非银金融-证券Ⅱ-证券Ⅲ,非银金融-证券Ⅱ-证券Ⅲ,周期股、融资融券、参股期货、上证180_、证金持股、沪股通、券商概念、标准普尔、大盘股、IPO受益、HS300_、互联网金融、大盘价值、科创板做市商、富时罗素、金融地产风格、2025年报预增、MSCI中国,0.120,9.87,9.46,1.37,1.41,9.93亿,13.01,1.0093,825.87亿,726.03亿,1000304609,False,1.25
39,601456,国联民生,SH,9.18,1.10,证券Ⅱ,7.48,A股,4691.82万,5042.95万,非银金融-证券Ⅱ-证券Ⅲ,非银金融-证券Ⅱ-证券Ⅲ,中盘股、融资融券、中盘成长、上证380、沪股通、券商概念、HS300_、互联网金融、央国企改革、金融地产风格、2025年报预增、MSCI中国、破增发价股,0.100,9.31,8.92,1.15,1.11,4.60亿,26.24,0.9749,521.48亿,401.81亿,1000868277,False,1.10
